finclip_id,movie_name,date,time,quadrant,tank_side,sample,test_line,alter,ref_dob,pat_line,pat_gen,mat_line,mat_gen
2,20211117_1326_R.avi,20211117,1326,q1,R,20211117_1326_38-2_21-2_R_q1,Pair 11,22.3/29.3.21,17.03.21,38-2,F15,21-2,F15
1,20211117_1326_R.avi,20211117,1326,q2,R,20211117_1326_38-2_21-2_R_q2,Pair 11,22.3/29.3.21,17.03.21,38-2,F15,21-2,F15
4,20211117_1326_R.avi,20211117,1326,q3,R,20211117_1326_50-2_38-2_R_q3,Pair 13 F2,21.03./29.03.21,24.03.21,50-2,F15,38-2,F15
3,20211117_1326_R.avi,20211117,1326,q4,R,20211117_1326_38-2_21-2_R_q4,Pair 11,22.3/29.3.21,24.03.21,38-2,F15,21-2,F15
6,20211117_1429_R.avi,20211117,1429,q1,R,20211117_1429_50-2_38-2_R_q1,Pair 13 F2,21.03./29.03.21,17.03.21,50-2,F15,38-2,F15
5,20211117_1429_R.avi,20211117,1429,q2,R,20211117_1429_50-2_38-2_R_q2,Pair 13 F2,21.03./29.03.21,17.03.21,50-2,F15,38-2,F15
8,20211117_1429_R.avi,20211117,1429,q3,R,20211117_1429_50-2_38-2_R_q3,Pair 13 F2,28.3/31.3/1.4.21,10.03.21,50-2,F15,38-2,F15
7,20211117_1429_R.avi,20211117,1429,q4,R,20211117_1429_50-2_38-2_R_q4,Pair 13 F2,28.3/31.3/1.4.21,10.03.21,50-2,F15,38-2,F15
10,20211118_1017_R.avi,20211118,1017,q1,R,20211118_1017_38-2_40-1_R_q1,Pair 12 F2,22.03/31.03/07.04.21,06.04.21,38-2,F15,40-1,F15
9,20211118_1017_R.avi,20211118,1017,q2,R,20211118_1017_38-2_40-1_R_q2,Pair 12 F2,22.03/31.03/07.04.21,06.04.21,38-2,F15,40-1,F15
12,20211118_1017_R.avi,20211118,1017,q3,R,20211118_1017_38-2_40-1_R_q3,Pair 12 F2,22.03/31.03/07.04.21,09.04.21,38-2,F15,40-1,F15
11,20211118_1017_R.avi,20211118,1017,q4,R,20211118_1017_38-2_40-1_R_q4,Pair 12 F2,22.03/31.03/07.04.21,06.04.21,38-2,F15,40-1,F15
14,20211118_1110_R.avi,20211118,1110,q1,R,20211118_1110_38-2_40-1_R_q1,Pair 12 F2,22.03/31.03/07.04.21,09.04.21,38-2,F15,40-1,F15
13,20211118_1110_R.avi,20211118,1110,q2,R,20211118_1110_38-2_40-1_R_q2,Pair 12 F2,22.03/31.03/07.04.21,09.04.21,38-2,F15,40-1,F15
16,20211118_1110_R.avi,20211118,1110,q3,R,20211118_1110_8-2_40-1_R_q3,Pair 7 F2,28.03./09.04.21,09.04.21,8-2,F14,40-1,F15
15,20211118_1110_R.avi,20211118,1110,q4,R,20211118_1110_8-2_40-1_R_q4,Pair 7 F2,28.03./09.04.21,09.04.21,8-2,F14,40-1,F15
18,20211125_0910_R.avi,20211125,0910,q1,R,20211125_0910_8-2_40-1_R_q1,Pair 7 F2,19./22./28.03/09.4.21,10.03.21,8-2,F14,40-1,F15
17,20211125_0910_R.avi,20211125,0910,q2,R,20211125_0910_8-2_40-1_R_q2,Pair 7 F2,19./22./28.03/09.4.21,10.03.21,8-2,F14,40-1,F15
20,20211125_0910_R.avi,20211125,0910,q3,R,20211125_0910_8-2_40-1_R_q3,Pair 7 F2,19./22./28.03/09.4.21,10.03.21,8-2,F14,40-1,F15
19,20211125_0910_R.avi,20211125,0910,q4,R,20211125_0910_8-2_40-1_R_q4,Pair 7 F2,19./22./28.03/09.4.21,10.03.21,8-2,F14,40-1,F15
22,20211125_1006_R.avi,20211125,1006,q1,R,20211125_1006_21-2_40-1_R_q1,Pair 4 F2,15.03./24.03./20.04.21,17.03.21,21-2,F16,40-1,F16
21,20211125_1006_R.avi,20211125,1006,q2,R,20211125_1006_21-2_40-1_R_q2,Pair 4 F2,15.03./24.03./20.04.21,17.03.21,21-2,F16,40-1,F16
23,20211125_1006_R.avi,20211125,1006,q4,R,20211125_1006_21-2_40-1_R_q4,Pair 4 F2,15.03./24.03./20.04.21,17.03.21,21-2,F16,40-1,F16
25,20211125_1343_R.avi,20211125,1343,q1,R,20211125_1343_21-2_50-2_R_q1,Pair 1 F2,13.04./28.04.21,09.04.21,21-2,F15,50-2,F15
24,20211125_1343_R.avi,20211125,1343,q2,R,20211125_1343_21-2_50-2_R_q2,Pair 1 F2,13.04./28.04.21,09.04.21,21-2,F15,50-2,F15
26,20211125_1343_R.avi,20211125,1343,q4,R,20211125_1343_21-2_50-2_R_q4,Pair 1 F2,13.04./28.04.21,09.04.21,21-2,F15,50-2,F15
28,20211125_1445_R.avi,20211125,1445,q1,R,20211125_1445_21-2_40-1_R_q1,Pair 4 F2,24.03./22.04.21,15.04.21,21-2,F16,40-1,F16
27,20211125_1445_R.avi,20211125,1445,q2,R,20211125_1445_21-2_40-1_R_q2,Pair 4 F2,24.03./22.04.21,15.04.21,21-2,F16,40-1,F16
30,20211125_1445_R.avi,20211125,1445,q3,R,20211125_1445_21-2_40-1_R_q3,Pair 4 F2,24.03./22.04.21,06.04.21,21-2,F16,40-1,F16
29,20211125_1445_R.avi,20211125,1445,q4,R,20211125_1445_21-2_40-1_R_q4,Pair 4 F2,24.03./22.04.21,06.04.21,21-2,F16,40-1,F16
32,20211130_0944_R.avi,20211130,0944,q1,R,20211130_0944_21-2_40-1_R_q1,Pair 4 F2,24.03./22.04.21,09.04.21,21-2,F16,40-1,F16
31,20211130_0944_R.avi,20211130,0944,q2,R,20211130_0944_21-2_40-1_R_q2,Pair 4 F2,24.03./22.04.21,09.04.21,21-2,F16,40-1,F16
34,20211130_0944_R.avi,20211130,0944,q3,R,20211130_0944_8-2_38-2_R_q3,Pair 14 F2,22.03/13./26.04.21,09.04.21,8-2,F14,38-2,F15
33,20211130_0944_R.avi,20211130,0944,q4,R,20211130_0944_8-2_38-2_R_q4,Pair 14 F2,22.03/13./26.04.21,09.04.21,8-2,F14,38-2,F15
36,20211130_1047_R.avi,20211130,1047,q1,R,20211130_1047_40-1_50-2_R_q1,Pair 5 F2,28.03/13.04/10.05.21,24.03.21,40-1,F16,50-2,F16
35,20211130_1047_R.avi,20211130,1047,q2,R,20211130_1047_8-2_38-2_R_q2,Pair 14 F2,22.03/13./26.04.21,24.03.21,8-2,F14,38-2,F15
38,20211130_1047_R.avi,20211130,1047,q3,R,20211130_1047_40-1_50-2_R_q3,Pair 5 F2,28.03/13.04/10.05.21,24.03.21,40-1,F16,50-2,F16
37,20211130_1047_R.avi,20211130,1047,q4,R,20211130_1047_40-1_50-2_R_q4,Pair 5 F2,28.03/13.04/10.05.21,24.03.21,40-1,F16,50-2,F16
40,20211201_1414_R.avi,20211201,1414,q1,R,20211201_1414_38-2_18-2_R_q1,Pair 10 F2,22.3/31.3/13.4/26.4/21.5.21,06.04.21,38-2,F14,18-2,F14
39,20211201_1414_R.avi,20211201,1414,q2,R,20211201_1414_40-1_50-2_R_q2,Pair 5 F2,28.03/13.04/10.05.21,09.04.21,40-1,F16,50-2,F16
42,20211201_1414_R.avi,20211201,1414,q3,R,20211201_1414_38-2_18-2_R_q3,Pair 10 F2,22.3/31.3/13.4/26.4/21.5.21,06.04.21,38-2,F14,18-2,F14
41,20211201_1414_R.avi,20211201,1414,q4,R,20211201_1414_38-2_18-2_R_q4,Pair 10 F2,22.3/31.3/13.4/26.4/21.5.21,06.04.21,38-2,F14,18-2,F14
44,20211201_1500_R.avi,20211201,1500,q1,R,20211201_1500_38-2_18-2_R_q1,Pair 10 F2,22.3/31.3/13.4/26.4/21.5.21,19.05.21,38-2,F14,18-2,F14
43,20211201_1500_R.avi,20211201,1500,q2,R,20211201_1500_38-2_18-2_R_q2,Pair 10 F2,22.3/31.3/13.4/26.4/21.5.21,19.05.21,38-2,F14,18-2,F14
46,20211201_1500_R.avi,20211201,1500,q3,R,20211201_1500_38-2_18-2_R_q3,Pair 10 F2,22.3/31.3/13.4/26.4/21.5.21,19.05.21,38-2,F14,18-2,F14
45,20211201_1500_R.avi,20211201,1500,q4,R,20211201_1500_38-2_18-2_R_q4,Pair 10 F2,22.3/31.3/13.4/26.4/21.5.21,19.05.21,38-2,F14,18-2,F14
48,20211203_0937_R.avi,20211203,0937,q1,R,20211203_0937_21-2_40-1_R_q1,Pair 4F2,13.04./21.05.21,15.04.21,21-2,F16,40-1,F16
47,20211203_0937_R.avi,20211203,0937,q2,R,20211203_0937_21-2_50-2_R_q2,Pair 1 F2,28./29.03./04.05.21,17.03.21,21-2,F15,50-2,F15
50,20211203_0937_R.avi,20211203,0937,q3,R,20211203_0937_40-1_50-2_R_q3,Pair 5 F2,21.05/28.05.21,15.04.21,40-1,F16,50-2,F16
49,20211203_0937_R.avi,20211203,0937,q4,R,20211203_0937_40-1_50-2_R_q4,Pair 5 F2,28.03./13.04/10.05.21,17.03.21,40-1,F16,50-2,F16
52,20211203_1041_R.avi,20211203,1041,q1,R,20211203_1041_21-2_40-1_R_q1,Pair 4 F2,15.03./31.03./26.04.21,10.03.21,21-2,F16,40-1,F16
51,20211203_1041_R.avi,20211203,1041,q2,R,20211203_1041_21-2_40-1_R_q2,Pair 4 F2,15.03./31.03./26.04.21,10.03.21,21-2,F16,40-1,F16
54,20211203_1041_R.avi,20211203,1041,q3,R,20211203_1041_21-2_40-1_R_q3,Pair 4 F2,15.03./31.03./26.04.21,10.03.21,21-2,F16,40-1,F16
53,20211203_1041_R.avi,20211203,1041,q4,R,20211203_1041_21-2_40-1_R_q4,Pair 4 F2,15.03./31.03./26.04.21,10.03.21,21-2,F16,40-1,F16
56,20211207_1342_R.avi,20211207,1342,q1,R,20211207_1342_21-2_40-1_R_q1,Pair 4 F2,15.03./31.03./26.04.21,17.03.21,21-2,F16,40-1,F16
55,20211207_1342_R.avi,20211207,1342,q2,R,20211207_1342_21-2_40-1_R_q2,Pair 4 F2,15.03./31.03./26.04.21,17.03.21,21-2,F16,40-1,F16
58,20211207_1342_R.avi,20211207,1342,q3,R,20211207_1342_21-2_40-1_R_q3,Pair 4 F2,15.03./31.03./26.04.21,17.03.21,21-2,F16,40-1,F16
57,20211207_1342_R.avi,20211207,1342,q4,R,20211207_1342_21-2_40-1_R_q4,Pair 4 F2,15.03./31.03./26.04.21,17.03.21,21-2,F16,40-1,F16
60,20211207_1439_R.avi,20211207,1439,q1,R,20211207_1439_21-2_40-1_R_q1,Pair 4 F2,22.03./14.05.21,24.03.21,21-2,F16,40-1,F16
59,20211207_1439_R.avi,20211207,1439,q2,R,20211207_1439_21-2_40-1_R_q2,Pair 4 F2,22.03./14.05.21,24.03.21,21-2,F16,40-1,F16
62,20211207_1439_R.avi,20211207,1439,q3,R,20211207_1439_21-2_40-1_R_q3,Pair 4 F2,22.03./14.05.21,24.03.21,21-2,F16,40-1,F16
61,20211207_1439_R.avi,20211207,1439,q4,R,20211207_1439_21-2_40-1_R_q4,Pair 4 F2,22.03./14.05.21,24.03.21,21-2,F16,40-1,F16
64,20211209_1319_R.avi,20211209,1319,q1,R,20211209_1319_21-2_40-1_R_q1,Pair 4 F2,22.03./14.05.21,09.04.21,21-2,F16,40-1,F16
63,20211209_1319_R.avi,20211209,1319,q2,R,20211209_1319_21-2_40-1_R_q2,Pair 4 F2,22.03./14.05.21,09.04.21,21-2,F16,40-1,F16
66,20211209_1319_R.avi,20211209,1319,q3,R,20211209_1319_21-2_40-1_R_q3,Pair 4 F2,04.05.21,09.04.21,21-2,F16,40-1,F16
65,20211209_1319_R.avi,20211209,1319,q4,R,20211209_1319_21-2_40-1_R_q4,Pair 4 F2,04.05.21,09.04.21,21-2,F16,40-1,F16
68,20211209_1424_R.avi,20211209,1424,q1,R,20211209_1424_21-2_40-1_R_q1,Pair 4 F2,04.05.21,19.05.21,21-2,F16,40-1,F16
67,20211209_1424_R.avi,20211209,1424,q2,R,20211209_1424_21-2_40-1_R_q2,Pair 4 F2,04.05.21,19.05.21,21-2,F16,40-1,F16
70,20211209_1424_R.avi,20211209,1424,q3,R,20211209_1424_8-2_40-1_R_q3,Pair 7 F2,28.03./04.05./10.05.21,15.04.21,8-2,F14,40-1,F15
69,20211209_1424_R.avi,20211209,1424,q4,R,20211209_1424_21-2_40-1_R_q4,Pair 4 F2,04.05.21,19.05.21,21-2,F16,40-1,F16
72,20211210_0936_R.avi,20211210,0936,q1,R,20211210_0936_8-2_40-1_R_q1,Pair 7 F2,28.03./04.05./10.05.21,09.04.21,8-2,F14,40-1,F15
71,20211210_0936_R.avi,20211210,0936,q2,R,20211210_0936_8-2_40-1_R_q2,Pair 7 F2,28.03./04.05./10.05.21,09.04.21,8-2,F14,40-1,F15
74,20211210_0936_R.avi,20211210,0936,q3,R,20211210_0936_8-2_40-1_R_q3,Pair 7 F2,28.03./04.05./10.05.21,09.04.21,8-2,F14,40-1,F15
73,20211210_0936_R.avi,20211210,0936,q4,R,20211210_0936_8-2_40-1_R_q4,Pair 7 F2,28.03./04.05./10.05.21,04.05.21,8-2,F14,40-1,F15
76,20211210_1036_R.avi,20211210,1036,q1,R,20211210_1036_38-2_18-2_R_q1,Pair 10 F2,28.04./04.05/10.05.21,31.05.21,38-2,F14,18-2,F14
75,20211210_1036_R.avi,20211210,1036,q2,R,20211210_1036_38-2_18-2_R_q2,Pair 10 F2,28.04./04.05/10.05.21,31.05.21,38-2,F14,18-2,F14
78,20211210_1036_R.avi,20211210,1036,q3,R,20211210_1036_38-2_18-2_R_q3,Pair 10 F2,28.04./04.05/10.05.21,09.04.21,38-2,F14,18-2,F14
77,20211210_1036_R.avi,20211210,1036,q4,R,20211210_1036_38-2_18-2_R_q4,Pair 10 F2,28.04./04.05/10.05.21,09.04.21,38-2,F14,18-2,F14
80,20211210_1346_R.avi,20211210,1346,q1,R,20211210_1346_38-2_18-2_R_q1,Pair 10 F2,28.04./04.05/10.05.21,31.05.21,38-2,F14,18-2,F14
79,20211210_1346_R.avi,20211210,1346,q2,R,20211210_1346_38-2_18-2_R_q2,Pair 10 F2,28.04./04.05/10.05.21,31.05.21,38-2,F14,18-2,F14
82,20211210_1346_R.avi,20211210,1346,q3,R,20211210_1346_38-2_18-2_R_q3,Pair 10 F2,28.04./04.05/10.05.21,31.05.21,38-2,F14,18-2,F14
81,20211210_1346_R.avi,20211210,1346,q4,R,20211210_1346_38-2_18-2_R_q4,Pair 10 F2,28.04./04.05/10.05.21,31.05.21,38-2,F14,18-2,F14
84,20211213_1004_R.avi,20211213,1004,q1,R,20211213_1004_38-2_18-2_R_q1,Pair 10 F2,28.04./04.05/10.05.21,31.05.21,38-2,F14,18-2,F14
83,20211213_1004_R.avi,20211213,1004,q2,R,20211213_1004_38-2_18-2_R_q2,Pair 10 F2,28.04./04.05/10.05.21,31.05.21,38-2,F14,18-2,F14
86,20211213_1004_R.avi,20211213,1004,q3,R,20211213_1004_50-2_8-2_R_q3,Pair 9 F2,22.3/29.03/01/13/19/22.04/6/10/21.05.21,31.05.21,50-2,F15,8-2,F14
85,20211213_1004_R.avi,20211213,1004,q4,R,20211213_1004_38-2_18-2_R_q4,Pair 10 F2,28.04./04.05/10.05.21,31.05.21,38-2,F14,18-2,F14
88,20211213_1353_R.avi,20211213,1353,q1,R,20211213_1353_50-2_8-2_R_q1,Pair 9 F2,22.3/29.03/01/13/19/22.04/6/10/21.05.21,24.03.21,50-2,F15,8-2,F14
87,20211213_1353_R.avi,20211213,1353,q2,R,20211213_1353_50-2_8-2_R_q2,Pair 9 F2,22.3/29.03/01/13/19/22.04/6/10/21.05.21,24.03.21,50-2,F15,8-2,F14
90,20211213_1353_R.avi,20211213,1353,q3,R,20211213_1353_50-2_8-2_R_q3,Pair 9 F2,22.3/29.03/01/13/19/22.04/6/10/21.05.21,24.03.21,50-2,F15,8-2,F14
89,20211213_1353_R.avi,20211213,1353,q4,R,20211213_1353_50-2_8-2_R_q4,Pair 9 F2,22.3/29.03/01/13/19/22.04/6/10/21.05.21,24.03.21,50-2,F15,8-2,F14
92,20211215_0952_R.avi,20211215,0952,q1,R,20211215_0952_50-2_38-2_R_q1,Pair 13 F2,22.03/28.04./4.5/10.5/25.5/31.5.21,09.04.21,50-2,F15,38-2,F15
91,20211215_0952_R.avi,20211215,0952,q2,R,20211215_0952_50-2_8-2_R_q2,Pair 9 F2,22.3/29.03/01/13/19/22.04/6/10/21.05.21,09.04.21,50-2,F15,8-2,F14
94,20211215_0952_R.avi,20211215,0952,q3,R,20211215_0952_50-2_38-2_R_q3,Pair 13 F2,22.03/28.04./4.5/10.5/25.5/31.5.21,09.04.21,50-2,F15,38-2,F15
93,20211215_0952_R.avi,20211215,0952,q4,R,20211215_0952_50-2_38-2_R_q4,Pair 13 F2,22.03/28.04./4.5/10.5/25.5/31.5.21,09.04.21,50-2,F15,38-2,F15
96,20211215_1423_R.avi,20211215,1423,q1,R,20211215_1423_50-2_38-2_R_q1,Pair 13 F2,22.03/28.04./4.5/10.5/25.5/31.5.21,09.04.21,50-2,F15,38-2,F15
95,20211215_1423_R.avi,20211215,1423,q2,R,20211215_1423_50-2_38-2_R_q2,Pair 13 F2,22.03/28.04./4.5/10.5/25.5/31.5.21,09.04.21,50-2,F15,38-2,F15
98,20211215_1423_R.avi,20211215,1423,q3,R,20211215_1423_38-2_40-1_R_q3,Pair 12 F2,13.4/22.4/20.4/4.5/25.5/31.5.21,28.05.21,38-2,F15,40-1,F15
97,20211215_1423_R.avi,20211215,1423,q4,R,20211215_1423_50-2_38-2_R_q4,Pair 13 F2,22.03/28.04./4.5/10.5/25.5/31.5.21,28.05.21,50-2,F15,38-2,F15
100,20211217_0951_R.avi,20211217,0951,q1,R,20211217_0951_38-2_40-1_R_q1,Pair 12 F2,13.4/22.4/20.4/4.5/25.5/31.5.21,19.05.21,38-2,F15,40-1,F15
99,20211217_0951_R.avi,20211217,0951,q2,R,20211217_0951_38-2_40-1_R_q2,Pair 12 F2,13.4/22.4/20.4/4.5/25.5/31.5.21,19.05.21,38-2,F15,40-1,F15
102,20211217_0951_R.avi,20211217,0951,q3,R,20211217_0951_38-2_40-1_R_q3,Pair 12 F2,13.4/22.4/20.4/4.5/25.5/31.5.21,19.05.21,38-2,F15,40-1,F15
101,20211217_0951_R.avi,20211217,0951,q4,R,20211217_0951_38-2_40-1_R_q4,Pair 12 F2,13.4/22.4/20.4/4.5/25.5/31.5.21,19.05.21,38-2,F15,40-1,F15
104,20211217_1106_R.avi,20211217,1106,q1,R,20211217_1106_50-2_18-2_R_q1,Pair 8 F2,22.3/26.4/4.5/10.5/17.5/31.5/08.06.21,09.04.21,50-2,F15,18-2,F14
103,20211217_1106_R.avi,20211217,1106,q2,R,20211217_1106_38-2_40-1_R_q2,Pair 12 F2,13.4/22.4/20.4/4.5/25.5/31.5.21,06.04.21,38-2,F15,40-1,F15
106,20211217_1106_R.avi,20211217,1106,q3,R,20211217_1106_50-2_18-2_R_q3,Pair 8 F2,22.3/26.4/4.5/10.5/17.5/31.5/08.06.21,06.04.21,50-2,F15,18-2,F14
105,20211217_1106_R.avi,20211217,1106,q4,R,20211217_1106_50-2_18-2_R_q4,Pair 8 F2,22.3/26.4/4.5/10.5/17.5/31.5/08.06.21,06.04.21,50-2,F15,18-2,F14
108,20211217_1416_R.avi,20211217,1416,q1,R,20211217_1416_50-2_18-2_R_q1,Pair 8 F2,22.3/26.4/4.5/10.5/17.5/31.5/08.06.21,28.05.21,50-2,F15,18-2,F14
107,20211217_1416_R.avi,20211217,1416,q2,R,20211217_1416_50-2_18-2_R_q2,Pair 8 F2,22.3/26.4/4.5/10.5/17.5/31.5/08.06.21,28.05.21,50-2,F15,18-2,F14
110,20211217_1416_R.avi,20211217,1416,q3,R,20211217_1416_50-2_18-2_R_q3,Pair 8 F2,22.3/26.4/4.5/10.5/17.5/31.5/08.06.21,15.04.21,50-2,F15,18-2,F14
109,20211217_1416_R.avi,20211217,1416,q4,R,20211217_1416_50-2_18-2_R_q4,Pair 8 F2,22.3/26.4/4.5/10.5/17.5/31.5/08.06.21,15.04.21,50-2,F15,18-2,F14
112,20211220_0954_R.avi,20211220,0954,q1,R,20211220_0954_50-2_18-2_R_q1,Pair 8 F2,22.3/26.4/4.5/10.5/17.5/31.5/08.06.21,09.04.21,50-2,F15,18-2,F14
111,20211220_0954_R.avi,20211220,0954,q2,R,20211220_0954_50-2_18-2_R_q2,Pair 8 F2,22.3/26.4/4.5/10.5/17.5/31.5/08.06.21,09.04.21,50-2,F15,18-2,F14
114,20211220_0954_R.avi,20211220,0954,q3,R,20211220_0954_50-2_18-2_R_q3,Pair 8 F2,31.3/22.3/28.3/13.4/28.4/15.6.21,09.04.21,50-2,F15,18-2,F14
113,20211220_0954_R.avi,20211220,0954,q4,R,20211220_0954_50-2_18-2_R_q4,Pair 8 F2,31.3/22.3/28.3/13.4/28.4/15.6.21,09.04.21,50-2,F15,18-2,F14
116,20211220_1423_R.avi,20211220,1423,q1,R,20211220_1423_50-2_18-2_R_q1,Pair 8 F2,31.3/22.3/28.3/13.4/28.4/15.6.21,09.04.21,50-2,F15,18-2,F14
115,20211220_1423_R.avi,20211220,1423,q2,R,20211220_1423_50-2_18-2_R_q2,Pair 8 F2,31.3/22.3/28.3/13.4/28.4/15.6.21,09.04.21,50-2,F15,18-2,F14
118,20211220_1423_R.avi,20211220,1423,q3,R,20211220_1423_38-2_21-2_R_q3,Pair 11 F2,22.3/13.4/6.5/4.6/15.6.21,04.05.21,38-2,F15,21-2,F15
117,20211220_1423_R.avi,20211220,1423,q4,R,20211220_1423_50-2_18-2_R_q4,Pair 8 F2,31.3/22.3/28.3/13.4/28.4/15.6.21,09.04.21,50-2,F15,18-2,F14
120,20211220_1527_R.avi,20211220,1527,q1,R,20211220_1527_38-2_21-2_R_q1,Pair 11 F2,22.3/13.4/6.5/4.6/15.6.21,04.06.21,38-2,F15,21-2,F15
119,20211220_1527_R.avi,20211220,1527,q2,R,20211220_1527_38-2_21-2_R_q2,Pair 11 F2,22.3/13.4/6.5/4.6/15.6.21,04.06.21,38-2,F15,21-2,F15
122,20211220_1527_R.avi,20211220,1527,q3,R,20211220_1527_38-2_21-2_R_q3,Pair 11 F2,22.3/13.4/6.5/4.6/15.6.21,04.06.21,38-2,F15,21-2,F15
121,20211220_1527_R.avi,20211220,1527,q4,R,20211220_1527_38-2_21-2_R_q4,Pair 11 F2,22.3/13.4/6.5/4.6/15.6.21,04.06.21,38-2,F15,21-2,F15
124,20211221_1356_R.avi,20211221,1356,q1,R,20211221_1356_38-2_18-2_R_q1,Pair 10 F2,25.05./31.5/11.6/15.6.21,09.06.21,38-2,F14,18-2,F14
123,20211221_1356_R.avi,20211221,1356,q2,R,20211221_1356_38-2_21-2_R_q2,Pair 11 F2,22.3/13.4/6.5/4.6/15.6.21,17.03.21,38-2,F15,21-2,F15
126,20211221_1356_R.avi,20211221,1356,q3,R,20211221_1356_38-2_18-2_R_q3,Pair 10 F2,25.05./31.5/11.6/15.6.21,09.06.21,38-2,F14,18-2,F14
125,20211221_1356_R.avi,20211221,1356,q4,R,20211221_1356_38-2_18-2_R_q4,Pair 10 F2,25.05./31.5/11.6/15.6.21,09.06.21,38-2,F14,18-2,F14
128,20211221_1452_R.avi,20211221,1452,q1,R,20211221_1452_38-2_18-2_R_q1,Pair 10 F2,25.05./31.5/11.6/15.6.21,11.06.21,38-2,F14,18-2,F14
127,20211221_1452_R.avi,20211221,1452,q2,R,20211221_1452_38-2_18-2_R_q2,Pair 10 F2,25.05./31.5/11.6/15.6.21,11.06.21,38-2,F14,18-2,F14
130,20211221_1452_R.avi,20211221,1452,q3,R,20211221_1452_38-2_18-2_R_q3,Pair 10 F2,25.05./31.5/11.6/15.6.21,11.06.21,38-2,F14,18-2,F14
129,20211221_1452_R.avi,20211221,1452,q4,R,20211221_1452_38-2_18-2_R_q4,Pair 10 F2,25.05./31.5/11.6/15.6.21,11.06.21,38-2,F14,18-2,F14
132,20211222_0946_R.avi,20211222,0946,q1,R,20211222_0946_8-2_38-2_R_q1,Pair 14 F2,22.3/4.5/14.5/8.6/15.6.21,19.05.21,8-2,F14,38-2,F15
131,20211222_0946_R.avi,20211222,0946,q2,R,20211222_0946_8-2_38-2_R_q2,Pair 14 F2,22.3/4.5/14.5/8.6/15.6.21,19.05.21,8-2,F14,38-2,F15
134,20211222_0946_R.avi,20211222,0946,q3,R,20211222_0946_8-2_38-2_R_q3,Pair 14 F2,22.3/4.5/14.5/8.6/15.6.21,19.05.21,8-2,F14,38-2,F15
133,20211222_0946_R.avi,20211222,0946,q4,R,20211222_0946_8-2_38-2_R_q4,Pair 14 F2,22.3/4.5/14.5/8.6/15.6.21,19.05.21,8-2,F14,38-2,F15
136,20211222_1045_R.avi,20211222,1045,q1,R,20211222_1045_8-2_38-2_R_q1,Pair 14 F2,22.3/4.5/14.5/8.6/15.6.21,06.04.21,8-2,F14,38-2,F15
135,20211222_1045_R.avi,20211222,1045,q2,R,20211222_1045_8-2_38-2_R_q2,Pair 14 F2,22.3/4.5/14.5/8.6/15.6.21,09.04.21,8-2,F14,38-2,F15
137,20211222_1045_R.avi,20211222,1045,q4,R,20211222_1045_8-2_38-2_R_q4,Pair 14 F2,22.3/4.5/14.5/8.6/15.6.21,06.04.21,8-2,F14,38-2,F15
139,20220321_0959_L.avi,20220321,0959,q1,L,20220321_0959_8-2_40-1_L_q1,Pair 7 F2,04.05/21.05/31.05/01.06/08.6.21,31.05.21,8-2,F14,40-1,F15
138,20220321_0959_L.avi,20220321,0959,q2,L,20220321_0959_8-2_40-1_L_q2,Pair 7 F2,04.05/21.05/31.05/01.06/08.6.21,31.05.21,8-2,F14,40-1,F15
141,20220321_0959_L.avi,20220321,0959,q3,L,20220321_0959_8-2_40-1_L_q3,Pair 7 F2,18.05/31.05/18.06.21,31.05.21,8-2,F14,40-1,F15
140,20220321_0959_L.avi,20220321,0959,q4,L,20220321_0959_8-2_40-1_L_q4,Pair 7 F2,18.05/31.05/18.06.21,31.05.21,8-2,F14,40-1,F15
143,20220321_1001_R.avi,20220321,1001,q1,R,20220321_1001_8-2_40-1_R_q1,Pair 7 F2,18.05/31.05/18.06.21,31.05.21,8-2,F14,40-1,F15
142,20220321_1001_R.avi,20220321,1001,q2,R,20220321_1001_8-2_40-1_R_q2,Pair 7 F2,18.05/31.05/18.06.21,31.05.21,8-2,F14,40-1,F15
144,20220321_1001_R.avi,20220321,1001,q4,R,20220321_1001_8-2_40-1_R_q4,Pair 7 F2,18.05/31.05/18.06.21,31.05.21,8-2,F14,40-1,F15
146,20220322_1011_R.avi,20220322,1011,q1,R,20220322_1011_38-2_40-1_R_q1,Pair 12 F2,7.4/26.4/28.4/4.5/6.5/10.5/12.5.21,09.04.21,38-2,F15,40-1,F15
145,20220322_1011_R.avi,20220322,1011,q2,R,20220322_1011_38-2_40-1_R_q2,Pair 12 F2,7.4/26.4/28.4/4.5/6.5/10.5/12.5.21,09.04.21,38-2,F15,40-1,F15
148,20220322_1011_R.avi,20220322,1011,q3,R,20220322_1011_38-2_40-1_R_q3,Pair 12 F2,7.4/26.4/28.4/4.5/6.5/10.5/12.5.21,09.04.21,38-2,F15,40-1,F15
147,20220322_1011_R.avi,20220322,1011,q4,R,20220322_1011_38-2_40-1_R_q4,Pair 12 F2,7.4/26.4/28.4/4.5/6.5/10.5/12.5.21,09.04.21,38-2,F15,40-1,F15
150,20220322_1014_L.avi,20220322,1014,q1,L,20220322_1014_38-2_40-1_L_q1,Pair 12 F2,7.4/26.4/28.4/4.5/6.5/10.5/12.5.21,09.04.21,38-2,F15,40-1,F15
149,20220322_1014_L.avi,20220322,1014,q2,L,20220322_1014_38-2_40-1_L_q2,Pair 12 F2,7.4/26.4/28.4/4.5/6.5/10.5/12.5.21,09.04.21,38-2,F15,40-1,F15
152,20220322_1014_L.avi,20220322,1014,q3,L,20220322_1014_38-2_40-1_L_q3,Pair 12 F2,7.4/26.4/28.4/4.5/6.5/10.5/12.5.21,09.04.21,38-2,F15,40-1,F15
151,20220322_1014_L.avi,20220322,1014,q4,L,20220322_1014_38-2_40-1_L_q4,Pair 12 F2,7.4/26.4/28.4/4.5/6.5/10.5/12.5.21,09.04.21,38-2,F15,40-1,F15
154,20220323_1421_L.avi,20220323,1421,q1,L,20220323_1421_38-2_40-1_L_q1,Pair 12 F2,7.4/26.4/28.4/4.5/6.5/10.5/12.5.21,15.04.21,38-2,F15,40-1,F15
153,20220323_1421_L.avi,20220323,1421,q2,L,20220323_1421_38-2_40-1_L_q2,Pair 12 F2,7.4/26.4/28.4/4.5/6.5/10.5/12.5.21,15.04.21,38-2,F15,40-1,F15
156,20220323_1421_L.avi,20220323,1421,q3,L,20220323_1421_38-2_40-1_L_q3,Pair 12 F2,28.5/11.6/15.6.21,15.04.21,38-2,F15,40-1,F15
155,20220323_1421_L.avi,20220323,1421,q4,L,20220323_1421_38-2_40-1_L_q4,Pair 12 F2,7.4/26.4/28.4/4.5/6.5/10.5/12.5.21,15.04.21,38-2,F15,40-1,F15
158,20220323_1422_R.avi,20220323,1422,q1,R,20220323_1422_38-2_40-1_R_q1,Pair 12 F2,28.5/11.6/15.6.21,31.05.21,38-2,F15,40-1,F15
157,20220323_1422_R.avi,20220323,1422,q2,R,20220323_1422_38-2_40-1_R_q2,Pair 12 F2,28.5/11.6/15.6.21,31.05.21,38-2,F15,40-1,F15
160,20220323_1422_R.avi,20220323,1422,q3,R,20220323_1422_38-2_40-1_R_q3,Pair 12 F2,28.5/11.6/15.6.21,31.05.21,38-2,F15,40-1,F15
159,20220323_1422_R.avi,20220323,1422,q4,R,20220323_1422_38-2_40-1_R_q4,Pair 12 F2,28.5/11.6/15.6.21,31.05.21,38-2,F15,40-1,F15
162,20220325_1010_L.avi,20220325,1010,q1,L,20220325_1010_38-2_40-1_L_q1,Pair 12 F2,28.5/11.6/15.6.21,28.05.21,38-2,F15,40-1,F15
161,20220325_1010_L.avi,20220325,1010,q2,L,20220325_1010_38-2_40-1_L_q2,Pair 12 F2,28.5/11.6/15.6.21,28.05.21,38-2,F15,40-1,F15
164,20220325_1010_L.avi,20220325,1010,q3,L,20220325_1010_21-2_40-1_L_q3,Pair 4 F2,28.05.21,28.05.21,21-2,F16,40-1,F16
163,20220325_1010_L.avi,20220325,1010,q4,L,20220325_1010_38-2_40-1_L_q4,Pair 12 F2,28.5/11.6/15.6.21,28.05.21,38-2,F15,40-1,F15
166,20220325_1011_R.avi,20220325,1011,q1,R,20220325_1011_21-2_40-1_R_q1,Pair 4 F2,28.05.21,09.06.21,21-2,F16,40-1,F16
165,20220325_1011_R.avi,20220325,1011,q2,R,20220325_1011_21-2_40-1_R_q2,Pair 4 F2,28.05.21,09.06.21,21-2,F16,40-1,F16
168,20220325_1011_R.avi,20220325,1011,q3,R,20220325_1011_21-2_40-1_R_q3,Pair 4 F2,04.06.21,09.06.21,21-2,F16,40-1,F16
167,20220325_1011_R.avi,20220325,1011,q4,R,20220325_1011_21-2_40-1_R_q4,Pair 4 F2,04.06.21,09.06.21,21-2,F16,40-1,F16
170,20220328_1359_L.avi,20220328,1359,q1,L,20220328_1359_50-2_18-2_L_q1,Pair 8 F2,18.06.21,31.05.21,50-2,F15,18-2,F14
169,20220328_1359_L.avi,20220328,1359,q2,L,20220328_1359_50-2_18-2_L_q2,Pair 8 F2,18.06.21,31.05.21,50-2,F15,18-2,F14
172,20220328_1359_L.avi,20220328,1359,q3,L,20220328_1359_21-2_40-1_L_q3,Pair 4 F2,08.06.21,31.05.21,21-2,F16,40-1,F16
171,20220328_1359_L.avi,20220328,1359,q4,L,20220328_1359_21-2_40-1_L_q4,Pair 4 F2,08.06.21,31.05.21,21-2,F16,40-1,F16
174,20220328_1400_R.avi,20220328,1400,q1,R,20220328_1400_38-2_18-2_R_q1,Pair 10 F2,04.06/18.06.21,31.05.21,38-2,F14,18-2,F14
173,20220328_1400_R.avi,20220328,1400,q2,R,20220328_1400_38-2_18-2_R_q2,Pair 10 F2,04.06/18.06.21,31.05.21,38-2,F14,18-2,F14
176,20220328_1400_R.avi,20220328,1400,q3,R,20220328_1400_38-2_18-2_R_q3,Pair 10 F2,04.06/18.06.21,31.05.21,38-2,F14,18-2,F14
175,20220328_1400_R.avi,20220328,1400,q4,R,20220328_1400_38-2_18-2_R_q4,Pair 10 F2,04.06/18.06.21,31.05.21,38-2,F14,18-2,F14
178,20220329_0919_L.avi,20220329,0919,q1,L,20220329_0919_21-2_40-1_L_q1,Pair 4 F2,25.05.21,09.04.21,21-2,F16,40-1,F16
177,20220329_0919_L.avi,20220329,0919,q2,L,20220329_0919_21-2_40-1_L_q2,Pair 4 F2,25.05.21,09.04.21,21-2,F16,40-1,F16
180,20220329_0919_L.avi,20220329,0919,q3,L,20220329_0919_21-2_40-1_L_q3,Pair 4 F2,25.05.21,09.04.21,21-2,F16,40-1,F16
179,20220329_0919_L.avi,20220329,0919,q4,L,20220329_0919_21-2_40-1_L_q4,Pair 4 F2,25.05.21,09.04.21,21-2,F16,40-1,F16
182,20220329_0921_R.avi,20220329,0921,q1,R,20220329_0921_38-2_40-1_R_q1,Pair 12 F2,04.06.21,09.06.21,38-2,F15,40-1,F15
181,20220329_0921_R.avi,20220329,0921,q2,R,20220329_0921_21-2_40-1_R_q2,Pair 4 F2,25.05.21,09.06.21,21-2,F16,40-1,F16
184,20220329_0921_R.avi,20220329,0921,q3,R,20220329_0921_38-2_40-1_R_q3,Pair 12 F2,04.06.21,09.06.21,38-2,F15,40-1,F15
183,20220329_0921_R.avi,20220329,0921,q4,R,20220329_0921_38-2_40-1_R_q4,Pair 12 F2,04.06.21,09.06.21,38-2,F15,40-1,F15
186,20220330_0917_L.avi,20220330,0917,q1,L,20220330_0917_21-2_40-1_L_q1,Pair 4 F2,04.06.21,23.06.21,21-2,F16,40-1,F16
185,20220330_0917_L.avi,20220330,0917,q2,L,20220330_0917_21-2_40-1_L_q2,Pair 4 F2,04.06.21,23.06.21,21-2,F16,40-1,F16
188,20220330_0917_L.avi,20220330,0917,q3,L,20220330_0917_21-2_40-1_L_q3,Pair 4 F2,04.06.21,23.06.21,21-2,F16,40-1,F16
187,20220330_0917_L.avi,20220330,0917,q4,L,20220330_0917_21-2_40-1_L_q4,Pair 4 F2,04.06.21,23.06.21,21-2,F16,40-1,F16
190,20220330_0918_R.avi,20220330,0918,q1,R,20220330_0918_21-2_40-1_R_q1,Pair 4 F2,04.06.21,28.06.21,21-2,F16,40-1,F16
189,20220330_0918_R.avi,20220330,0918,q2,R,20220330_0918_21-2_40-1_R_q2,Pair 4 F2,04.06.21,28.06.21,21-2,F16,40-1,F16
192,20220330_0918_R.avi,20220330,0918,q3,R,20220330_0918_21-2_40-1_R_q3,Pair 4 F2,04.06.21,28.06.21,21-2,F16,40-1,F16
191,20220330_0918_R.avi,20220330,0918,q4,R,20220330_0918_21-2_40-1_R_q4,Pair 4 F2,04.06.21,28.06.21,21-2,F16,40-1,F16
194,20220401_0953_L.avi,20220401,0953,q1,L,20220401_0953_50-2_18-2_L_q1,Pair 8 F2,04.06/15.06.21,15.04.21,50-2,F15,18-2,F14
193,20220401_0953_L.avi,20220401,0953,q2,L,20220401_0953_50-2_18-2_L_q2,Pair 8 F2,04.06/15.06.21,15.04.21,50-2,F15,18-2,F14
196,20220401_0953_L.avi,20220401,0953,q3,L,20220401_0953_50-2_18-2_L_q3,Pair 8 F2,04.06/15.06.21,15.04.21,50-2,F15,18-2,F14
195,20220401_0953_L.avi,20220401,0953,q4,L,20220401_0953_50-2_18-2_L_q4,Pair 8 F2,04.06/15.06.21,15.04.21,50-2,F15,18-2,F14
198,20220401_0955_R.avi,20220401,0955,q1,R,20220401_0955_8-2_40-1_R_q1,Pair 7 F2,04.06/15.06.21,21.04.21,8-2,F14,40-1,F15
197,20220401_0955_R.avi,20220401,0955,q2,R,20220401_0955_50-2_18-2_R_q2,Pair 8 F2,04.06/15.06.21,21.04.21,50-2,F15,18-2,F14
200,20220401_0955_R.avi,20220401,0955,q3,R,20220401_0955_8-2_40-1_R_q3,Pair 7 F2,04.06/15.06.21,21.04.21,8-2,F14,40-1,F15
199,20220401_0955_R.avi,20220401,0955,q4,R,20220401_0955_8-2_40-1_R_q4,Pair 7 F2,04.06/15.06.21,21.04.21,8-2,F14,40-1,F15
202,20220405_1004_L.avi,20220405,1004,q1,L,20220405_1004_8-2_40-1_L_q1,Pair 7 F2,04.06/15.06.21,31.05.21,8-2,F14,40-1,F15
201,20220405_1004_L.avi,20220405,1004,q2,L,20220405_1004_8-2_40-1_L_q2,Pair 7 F2,04.06/15.06.21,31.05.21,8-2,F14,40-1,F15
204,20220405_1004_L.avi,20220405,1004,q3,L,20220405_1004_38-2_40-1_L_q3,Pair 12 F2,07.06.21,31.05.21,38-2,F15,40-1,F15
203,20220405_1004_L.avi,20220405,1004,q4,L,20220405_1004_38-2_40-1_L_q4,Pair 12 F2,07.06.21,31.05.21,38-2,F15,40-1,F15
206,20220405_1005_R.avi,20220405,1005,q1,R,20220405_1005_38-2_40-1_R_q1,Pair 12 F2,07.06.21,31.05.21,38-2,F15,40-1,F15
205,20220405_1005_R.avi,20220405,1005,q2,R,20220405_1005_38-2_40-1_R_q2,Pair 12 F2,07.06.21,31.05.21,38-2,F15,40-1,F15
208,20220405_1005_R.avi,20220405,1005,q3,R,20220405_1005_38-2_40-1_R_q3,Pair 12 F2,07.06.21,31.05.21,38-2,F15,40-1,F15
207,20220405_1005_R.avi,20220405,1005,q4,R,20220405_1005_38-2_40-1_R_q4,Pair 12 F2,07.06.21,31.05.21,38-2,F15,40-1,F15
210,20220408_0953_L.avi,20220408,0953,q1,L,20220408_0953_38-2_40-1_L_q1,Pair 12 F2,08.06.21,28.05.21,38-2,F15,40-1,F15
209,20220408_0953_L.avi,20220408,0953,q2,L,20220408_0953_38-2_40-1_L_q2,Pair 12 F2,08.06.21,28.05.21,38-2,F15,40-1,F15
212,20220408_0953_L.avi,20220408,0953,q3,L,20220408_0953_38-2_40-1_L_q3,Pair 12 F2,08.06.21,28.05.21,38-2,F15,40-1,F15
211,20220408_0953_L.avi,20220408,0953,q4,L,20220408_0953_38-2_40-1_L_q4,Pair 12 F2,08.06.21,28.05.21,38-2,F15,40-1,F15
214,20220408_0955_R.avi,20220408,0955,q1,R,20220408_0955_38-2_40-1_R_q1,Pair 12 F2,15.06.21,09.06.21,38-2,F15,40-1,F15
213,20220408_0955_R.avi,20220408,0955,q2,R,20220408_0955_38-2_40-1_R_q2,Pair 12 F2,08.06.21,09.06.21,38-2,F15,40-1,F15
216,20220408_0955_R.avi,20220408,0955,q3,R,20220408_0955_38-2_40-1_R_q3,Pair 12 F2,15.06.21,09.06.21,38-2,F15,40-1,F15
215,20220408_0955_R.avi,20220408,0955,q4,R,20220408_0955_38-2_40-1_R_q4,Pair 12 F2,15.06.21,09.06.21,38-2,F15,40-1,F15
218,20220411_1009_L.avi,20220411,1009,q1,L,20220411_1009_38-2_40-1_L_q1,Pair 12 F2,15.06.21,31.05.21,38-2,F15,40-1,F15
217,20220411_1009_L.avi,20220411,1009,q2,L,20220411_1009_38-2_40-1_L_q2,Pair 12 F2,15.06.21,31.05.21,38-2,F15,40-1,F15
220,20220411_1009_L.avi,20220411,1009,q3,L,20220411_1009_8-2_38-2_L_q3,Pair 14 F2,21.05.21,31.05.21,8-2,F14,38-2,F15
219,20220411_1009_L.avi,20220411,1009,q4,L,20220411_1009_8-2_38-2_L_q4,Pair 14 F2,21.05.21,31.05.21,8-2,F14,38-2,F15
222,20220411_1010_R.avi,20220411,1010,q1,R,20220411_1010_8-2_38-2_R_q1,Pair 14 F2,21.05.21,31.05.21,8-2,F14,38-2,F15
221,20220411_1010_R.avi,20220411,1010,q2,R,20220411_1010_8-2_38-2_R_q2,Pair 14 F2,21.05.21,31.05.21,8-2,F14,38-2,F15
224,20220411_1010_R.avi,20220411,1010,q3,R,20220411_1010_38-2_21-2_R_q3,Pair 11 F2,18.06.21,31.05.21,38-2,F15,21-2,F15
223,20220411_1010_R.avi,20220411,1010,q4,R,20220411_1010_8-2_38-2_R_q4,Pair 14 F2,21.05.21,31.05.21,8-2,F14,38-2,F15
226,20220427_0948_L.avi,20220427,0948,q1,L,20220427_0948_38-2_21-2_L_q1,Pair 11 F2,18.06.21,09.06.21,38-2,F15,21-2,F15
225,20220427_0948_L.avi,20220427,0948,q2,L,20220427_0948_38-2_21-2_L_q2,Pair 11 F2,18.06.21,09.06.21,38-2,F15,21-2,F15
228,20220427_0948_L.avi,20220427,0948,q3,L,20220427_0948_38-2_21-2_L_q3,Pair 11 F2,18.06.21,09.06.21,38-2,F15,21-2,F15
227,20220427_0948_L.avi,20220427,0948,q4,L,20220427_0948_38-2_21-2_L_q4,Pair 11 F2,18.06.21,09.06.21,38-2,F15,21-2,F15
230,20220427_0951_R.avi,20220427,0951,q1,R,20220427_0951_18-2_21-2_R_q1,New Pair 2 F1,02./07./12./16.07.21,23.06.21,18-2,F14,21-2,F15
229,20220427_0951_R.avi,20220427,0951,q2,R,20220427_0951_38-2_21-2_R_q2,Pair 11 F2,18.06.21,23.06.21,38-2,F15,21-2,F15
232,20220427_0951_R.avi,20220427,0951,q3,R,20220427_0951_18-2_21-2_R_q3,New Pair 2 F1,02./07./12./16.07.21,23.06.21,18-2,F14,21-2,F15
231,20220427_0951_R.avi,20220427,0951,q4,R,20220427_0951_18-2_21-2_R_q4,New Pair 2 F1,02./07./12./16.07.21,23.06.21,18-2,F14,21-2,F15
234,20220428_1015_L.avi,20220428,1015,q1,L,20220428_1015_18-2_21-2_L_q1,New Pair 2 F1,23.07/26.07.21,28.06.21,18-2,F14,21-2,F15
233,20220428_1015_L.avi,20220428,1015,q2,L,20220428_1015_18-2_21-2_L_q2,New Pair 2 F1,02./07./12./16.07.21,28.06.21,18-2,F14,21-2,F15
236,20220428_1015_L.avi,20220428,1015,q3,L,20220428_1015_18-2_21-2_L_q3,New Pair 2 F1,22.09.21,28.06.21,18-2,F14,21-2,F15
235,20220428_1015_L.avi,20220428,1015,q4,L,20220428_1015_18-2_21-2_L_q4,New Pair 2 F1,23.07/26.07.21,28.06.21,18-2,F14,21-2,F15
238,20220428_1016_R.avi,20220428,1016,q1,R,20220428_1016_21-2_40-1_R_q1,Pair 4 F2,12.07/16.07.21,13.07.21,21-2,F16,40-1,F16
237,20220428_1016_R.avi,20220428,1016,q2,R,20220428_1016_21-2_40-1_R_q2,Pair 4 F2,12.07/16.07.21,13.07.21,21-2,F16,40-1,F16
240,20220428_1016_R.avi,20220428,1016,q3,R,20220428_1016_21-2_40-1_R_q3,Pair 4 F2,21./25.06/02./07.07.21,13.07.21,21-2,F16,40-1,F16
239,20220428_1016_R.avi,20220428,1016,q4,R,20220428_1016_21-2_40-1_R_q4,Pair 4 F2,21./25.06/02./07.07.21,13.07.21,21-2,F16,40-1,F16
242,20220502_0956_L.avi,20220502,0956,q1,L,20220502_0956_21-2_40-1_L_q1,Pair 4 F2,22.09.21,03.09.21,21-2,F16,40-1,F16
241,20220502_0956_L.avi,20220502,0956,q2,L,20220502_0956_21-2_40-1_L_q2,Pair 4 F2,22.09.21,03.09.21,21-2,F16,40-1,F16
244,20220502_0956_L.avi,20220502,0956,q3,L,20220502_0956_21-2_40-1_L_q3,Pair 4 F2,22.09.21,03.09.21,21-2,F16,40-1,F16
243,20220502_0956_L.avi,20220502,0956,q4,L,20220502_0956_21-2_40-1_L_q4,Pair 4 F2,22.09.21,03.09.21,21-2,F16,40-1,F16
246,20220502_0957_R.avi,20220502,0957,q1,R,20220502_0957_21-2_40-1_R_q1,Pair 4 F2,23/26.07.21,19.07.21,21-2,F16,40-1,F16
245,20220502_0957_R.avi,20220502,0957,q2,R,20220502_0957_21-2_40-1_R_q2,Pair 4 F2,16.07.21,19.07.21,21-2,F16,40-1,F16
248,20220502_0957_R.avi,20220502,0957,q3,R,20220502_0957_8-2_40-1_R_q3,Pair 7 F2,21/26/28.06.21,19.07.21,8-2,F14,40-1,F15
247,20220502_0957_R.avi,20220502,0957,q4,R,20220502_0957_21-2_40-1_R_q4,Pair 4 F2,23/26.07.21,19.07.21,21-2,F16,40-1,F16
250,20220503_1017_L.avi,20220503,1017,q1,L,20220503_1017_50-2_18-2_L_q1,Pair 8 F2,21./25.06/02.07.21,31.05.21,50-2,F15,18-2,F14
249,20220503_1017_L.avi,20220503,1017,q2,L,20220503_1017_50-2_18-2_L_q2,Pair 8 F2,21./25.06/02.07.21,31.05.21,50-2,F15,18-2,F14
252,20220503_1017_L.avi,20220503,1017,q3,L,20220503_1017_38-2_18-2_L_q3,Pair 10 F2,23./28.06./02./04.07.21,31.05.21,38-2,F14,18-2,F14
251,20220503_1017_L.avi,20220503,1017,q4,L,20220503_1017_38-2_18-2_L_q4,Pair 10 F2,23./28.06./02./04.07.21,31.05.21,38-2,F14,18-2,F14
254,20220503_1019_R.avi,20220503,1019,q1,R,20220503_1019_38-2_18-2_R_q1,Pair 10 F2,05./07./12./16.07.21,31.05.21,38-2,F14,18-2,F14
253,20220503_1019_R.avi,20220503,1019,q2,R,20220503_1019_38-2_18-2_R_q2,Pair 10 F2,05./07./12./16.07.21,31.05.21,38-2,F14,18-2,F14
256,20220503_1019_R.avi,20220503,1019,q3,R,20220503_1019_38-2_18-2_R_q3,Pair 10 F2,05./07./12./16.07.21,31.05.21,38-2,F14,18-2,F14
255,20220503_1019_R.avi,20220503,1019,q4,R,20220503_1019_38-2_18-2_R_q4,Pair 10 F2,05./07./12./16.07.21,31.05.21,38-2,F14,18-2,F14
258,20220505_1011_L.avi,20220505,1011,q1,L,20220505_1011_38-2_40-1_L_q1,Pair 12 F2,18./21./25.06.21,28.05.21,38-2,F15,40-1,F15
257,20220505_1011_L.avi,20220505,1011,q2,L,20220505_1011_38-2_40-1_L_q2,Pair 12 F2,18./21./25.06.21,28.05.21,38-2,F15,40-1,F15
260,20220505_1011_L.avi,20220505,1011,q3,L,20220505_1011_38-2_40-1_L_q3,Pair 12 F2,18./21./25.06.21,28.05.21,38-2,F15,40-1,F15
259,20220505_1011_L.avi,20220505,1011,q4,L,20220505_1011_38-2_40-1_L_q4,Pair 12 F2,18./21./25.06.21,28.05.21,38-2,F15,40-1,F15
262,20220505_1013_R.avi,20220505,1013,q1,R,20220505_1013_38-2_40-1_R_q1,Pair 12 F2,06/07/12/16.07.21,28.05.21,38-2,F15,40-1,F15
261,20220505_1013_R.avi,20220505,1013,q2,R,20220505_1013_38-2_40-1_R_q2,Pair 12 F2,06/07/12/16.07.21,28.05.21,38-2,F15,40-1,F15
264,20220505_1013_R.avi,20220505,1013,q3,R,20220505_1013_38-2_21-2_R_q3,Pair 11 F2,26.07.21,28.05.21,38-2,F15,21-2,F15
263,20220505_1013_R.avi,20220505,1013,q4,R,20220505_1013_38-2_40-1_R_q4,Pair 12 F2,21-23.06.21,28.05.21,38-2,F15,40-1,F15
266,20220506_1040_L.avi,20220506,1040,q1,L,20220506_1040_38-2_21-2_L_q1,Pair 11 F2,05./12./16.07.21,09.06.21,38-2,F15,21-2,F15
265,20220506_1040_L.avi,20220506,1040,q2,L,20220506_1040_38-2_21-2_L_q2,Pair 11 F2,05./12./16.07.21,09.06.21,38-2,F15,21-2,F15
267,20220506_1040_L.avi,20220506,1040,q4,L,20220506_1040_38-2_21-2_L_q4,Pair 11 F2,05./12./16.07.21,09.06.21,38-2,F15,21-2,F15
269,20220506_1041_R.avi,20220506,1041,q1,R,20220506_1041_21-2_50-2_R_q1,New pair 1 F1,22.06/02.07.21,13.07.21,21-2,F15,50-2,F15
268,20220506_1041_R.avi,20220506,1041,q2,R,20220506_1041_21-2_50-2_R_q2,New pair 1 F1,22.06/02.07.21,13.07.21,21-2,F15,50-2,F15
271,20220506_1041_R.avi,20220506,1041,q3,R,20220506_1041_21-2_50-2_R_q3,New Pair 1 F1,07./12./26.07.21,13.07.21,21-2,F15,50-2,F15
270,20220506_1041_R.avi,20220506,1041,q4,R,20220506_1041_50-2_38-2_R_q4,New Pair 13 F1,16.07.21,13.07.21,50-2,F15,38-2,F15
